{
    "display": {
        "icon": {
            "item": "minecraft:beacon"
        },
        "title": {
            "text": "Mark/Recall",
            "color": "white",
            "bold": false,
            "italic": false
        },
        "description": {
            "text": "Adds Mark/Recall Ability from TES games to the world!",
            "color": "green",
            "bold": false,
            "italic": true
        },
        "show_toast": false,
        "announce_to_chat": false,
        "frame": "goal"
    },
    "parent": "main:main/death",
    "criteria": {
        "tick": {
            "trigger": "minecraft:tick"
        }
    }
}